Speaker,Utter,Res_Utter
5345320676,"
5345320676: Move on and keep walking. 
5345320676: 回了一趟家，又黑了两个度。 
5345320676: 被自己中二到了，星战粉都这样吗？#曼达洛人# 
5345320676: 现实里的朴树和在奇遇人生里的朴树完美重叠。没想到这么多年以后能够亲眼看到真诚温柔有力量又有点儿社恐的朴树。connection!#朴树#朴树 
5345320676: 思维透明的三体人还挺可爱 
5345320676: 当时听播客的时候，就觉得我一定是个低尽责性+高宜人性（世俗意义上很难获得成功）的人。测试了一下果然如此，那么问题来了——人格可以改变吗？如何提高尽责性？#大五人格# 
5345320676: Good news! 可能有学上啦～最近有动力干活啦！ 
5345320676: 为什么小红书看攻略——溶洞还不错。等去了就害怕的啥也不敢看，埋头赶紧溜～ 
5345320676: 反哺不只是物质意义上的。想起来DG以及其他人让我明白，如果真的想做一件事而可能会受到家人的阻拦时候，那就因人而异循序善诱地让他们get到其中的好处，改变他们的认知。虽然好多人都认为一个人年龄越大就越难以接受新事物并且改变，但是后来发现并不全是那样，技巧和角度很重要（可惜我还不会）。
5345320676: 斥小“巨资”给妈妈买了个头饰，坐地铁上半个小时后，怀疑自己没带身上。已经脑补了N种解决办法，结果发现已经把它装在包里了。瞬间感觉解决了后续的一系列问题，长叹一口气。 
5345320676: 我在识破渣男招数的挑战中获得了『20分』网页链接 
5345320676: 微博国际版也开始出现广告了……实在是一件令人极其痛苦的事情，导致打开微博的次数逐渐变少。 
5345320676: 希望能快快得到一个回信呀～明知道position改不了了，还是在截止日期之前申请了。然后再多多看看别的地方吧！不想失学 
5345320676: 考完了，如何dream一个听力5.5及其以上啊！！！p2p3抽到的全是我错误率最高的题p1和p4也好多没听清。如果这次能过，我愿意未来三个月每月吃饭只有800的额度～ 
5345320676: 😬😬😬吃个午饭的时间，丢了两个戒指……我看着手上剩的唯一一个戒指，合理怀疑最近是不是瘦了PS: 丢第一个的时候我还特意返回去找了，没找到…AAAAAAAA 
5345320676: KEEP CALM#京东#  这京东客服踢皮球的本身真的很不错呀～现在大家都可以万事万物用YQ原因来解决了。真是联系一次客服感觉一拳打在棉花上，血压飙升。 
5345320676: 熬了两个大夜的我，今天为什么要起来，整个人飘了一天。 
5345320676: 为什么买东西的时候，买的越多折扣越大，不买和少买都觉得亏了～咋整，我现在感觉自己少买了，有点EMO～ 
5345320676: 这是咋回事呀，好几年没看Gmail了，怎么这么多高等数学的pdf？ 
5345320676: 最后还是集齐了手帐er三件套，hob五年，TN，bullet⚡️[雪]以后要好好赚玛尼 
5345320676: 听说最近打火机已经上映了，这两天还在围脖看了好几个片段。刚才想起来我把剧情错记成《忍冬》了…… ","神经质: high。在大多数情况下，该人物似乎情绪较不稳定，且容易受外界因素影响而产生消极的情绪。例如，在一些场合中，他们表现出较大的焦虑、怀疑以及对自身能力不自信的表现。并且该人物在日常生活中具有敏感情感、情绪波动较大的特点。
外向性: low。虽然该人物也参与社交活动，并以其个性、口述艺术及粉丝博客而广为人知，但他们更多地表现出内向、保留情绪的特点。他们在社交场合中不占主导地位，更喜欢在一些私人或需要思考问题的时候安静地度过一段时间。
开放性: high。这个人在其言行中表现出很高的开放性。他们热衷于文化及文艺领域，有兴趣探索不同的活动、新奇的经历、批判性思维和与异世界联系。他们很愿意与新的人及事物产生互动，并愿意尝试新鲜事物。
宜人性: high。该人物表现出温柔、体贴关怀且易于相处的特点，他们会主动考虑他人的感受，很少造成不必要的冲突，也比较容易与人和谐相处。
尽责性: low。尽管该人物有些雄心壮志，但是他们缺乏在处理问题时推进决策和行动的责任感，也没有很强的管理自己时间、能力、资源的能力。他们常常需要时间来迈出下一步，并且不太自觉、不太善于规划实施，并容易因亲近的关系而分心。 

输出结果：

{""神经质"": ""high"",""外向性"": ""low"",""开放性"": ""high"",""宜人性"": ""high"",""尽责性"": ""low""}"
5682320016,"
5682320016: 上班。。。光是听到这个词就觉得好累了……。。。。。到底是谁发明了上班？ 
5682320016: 😅😅嘴角又因为着急上火起泡了，一张嘴就痛😇😇😇😇😇 
5682320016: 受不了了，，，，，真的要死了 
5682320016: 想死了，，，，，，， 
5682320016: 好焦虑，好崩溃，受不了了，，，，，，，好想死 
5682320016: 又加深山东ip的刻板印象了，看到一条好心提醒的微博下面有个山东ip说“感谢，好人108胎”我天呢这人是不是以为ta很幽默啊，点进主页看居然还是女生，祝她108胎吧，脑缠 
5682320016: 啊啊啊啊啊啊外科考试缝合的时候手抖得像帕金森，针都夹不稳啊啊啊啊啊啊啊我死了 
5682320016: #B站UP主发起停更潮 好似好似喵～ 
5682320016: 昨天死的人有福啦！刚好可以赶上清明头七 
5682320016: 你们学孝领到是不是看不得学牲好过啊，学牲轻松一点是不是跟杀了你们领到全家一样啊，你们学孝领到是不是恨学牲啊，我请问 
5682320016: 看到萌萌接了某小玩具广告（大人糖）想起这个品牌和小s解约背刺以表忠心，观感很复杂……所以对她们家东西有点恶感（ 
5682320016: 真的不想活了，好崩溃，们都有光明的未来 
5682320016: 一周七天，四天有实验，周日还要上课这学再上下去真的要疯了，捏吗的实验课还是之前都上过的，我请问再上一遍是要干嘛呢？学孝知不知道我们每天还有很多的课要上啊，脑缠孝领道，垃圾学孝，恨们所有人 
5682320016: 学孝是不是有病啊？八百年前上的课了，这个学期还要上实验，上上上，上你爹上，上了去实习还是被骂，反正怎么做都会被骂，去你爹的实验课，学孝领导脑子进水，十八代祖宗没上过实验课是吧……这么爱上实验怎么不自己来试试呢 
5682320016: 17年测试16型人格，infp-t，我真是打小就是i人啊 
5682320016: 抱一丝，但是发疯真的能让我释放一点，现在是大叫，啊啊啊啊啊啊啊啊啊啊啊啊啊啊啊啊啊啊啊啊啊啊啊啊啊啊啊啊啊啊啊啊啊啊啊啊啊啊啊啊啊啊啊啊啊啊啊啊啊啊啊啊啊啊啊啊啊啊啊啊啊啊啊啊啊啊啊啊啊啊啊啊啊啊啊啊啊啊啊啊啊啊啊啊啊啊啊啊啊啊啊啊啊啊啊啊啊啊啊啊啊啊啊啊啊啊啊啊啊啊啊啊啊，我踏马不想上课啊啊啊啊啊啊啊啊啊啊啊啊啊啊啊啊啊啊啊啊啊啊啊啊啊啊啊啊啊啊啊啊啊啊啊啊啊啊啊啊啊啊啊啊啊啊啊啊啊啊啊啊啊啊啊啊啊啊啊啊啊脑缠学校啊啊啊啊啊啊啊啊啊啊啊啊啊啊啊啊啊啊啊啊啊啊啊啊啊啊啊啊啊啊啊啊
5682320016: 精神状态真的不好了，，，，没关系！喝点中药就能调理好！喝！我踏马喝喝喝喝喝喝喝喝 
5682320016: 想了想还是没买阿鸭袋子，罪恶的根源就是没钱！！！ 
5682320016: 准备攒钱买一个拍立得 
5682320016: 一生做过最善良的事就是劝退了一个亲戚想要学一（还是🀄️1⃣️）的打算，阿弥陀佛，救人一命胜造七级浮屠，我觉得我可以凭借这件事上天堂了😇😇 
5682320016: 笑鼠了，食油在说对中砖人有点偏见，说专科的人很乱……捏吗一个二本子哪里来的资本学历歧视啊，真是讽刺😅😅 
5682320016: 奇奇历险记（ps：不是童话故事，是本人在这个奇怪的、奇葩的世界里遇到的一些人或事或现象，记录一下当时心境，毕竟在这个世界里活着也算是一种冒险）今天毕业用的蓝底照，学校统一来拍，一个人15。上午到了拍照时间我赶到拍照点排队的时候，发现女生都或多或少化了妆，有的还特意穿了白衬衫和西装。就算是平时最不化妆的女生，也是在拍照的时候脱下外套，穿一件白色的打底衫。大家在互相借什么梳子，然后问今天看起来怎么样、口红太浓了……说一些恭维的话。还有个同学在当场修眉毛。我觉得很夸张，但是也能理解她们，希望拍得好看点罢了。特别特别让我觉得好笑的是我石油，（前提：我们排队拍照先扫码登记，然后写上序号，按序号叫人，那个码是要提前在学信网上弄好的）她们三个人中排在我前面的石油A排到的时候说忘了带手机了，我觉得好好笑啊，带了镜子、梳子、口红，脸上画了全妆，结果码都扫不上。后来经过别人提醒借了别人手机登陆学信网下载二维码，本来我排她后面，然后我先她扫了码，过了一会她弄好的时候我还在等拍照，因为拍照师傅在打电话。嗯，然后另一个和她玩的好的石油B让她站我前面，说她先拍。幸好我当时反驳了，说已经登记了序号，就是按序号来拍的吧，然后去问了负责排序的姐姐，那个姐姐一问，石油A居然都还没登记名字……啊，那一瞬间真的觉得。我猜石油B那么急切地想让石油A排我前面的原因是因为她等烦了，想早点走人，结果……反正我觉得这几个石油都挺极品的（果咩那塞，全是吐槽石油的，没办法，真的很讨厌她们影响了我的生活，等石溪了就好了，姐自己一个人住，不过到时候可能会吐槽🏥和其它乱七八糟的事）
5682320016: 捏吗的，我的石油都是奇葩吧，关键时候总是干出一些让人很无语的事，关键别影响到我啊，真的讨厌死了 
5682320016: 因为石油分手崩溃大哭，被迫听了两小时的哭吼埋冤导致现在还没有睡觉但是明天满课的一薛牲一枚呀～我永远恨集体生活 
5682320016: ……难过……已经没有愤怒了，只有深深的无力 
5682320016: 🍠看了一圈iwatch表带，觉得还是在官网买更好，然后去官网逛了一圈觉得、还是不买更好价格是我不配了 
5682320016: 拼夕夕买了一根iwatch表带，尼龙回弹的，结果拿到手两头都是塑料，装在表盘上往两边拽，左右都很容易滑出来，表带摸起来像塑料或者海绵为什么别人随随便便在拼夕夕上买就能买到很好的，我买就是这种，感觉自己真像傻子…… ","神经质: high
这个人在对话中表现出了明显的焦虑、崩溃、甚至想死的倾向。同时，在某些情况下会表现出强烈的消极情绪，这表明她可能具有较高的神经质倾向。

外向性: low
从这些对话中，很难看出这个人比较外向。虽然她提到过其他人，但她的对话主要是关于她自己的消极情绪，表明她可能较内向。

开放性: high
尽管这个人的对话主题多半集中在消极的情绪和不满上，但她的敏感和洞察力可能比较高，暗示她可能具有较高的开放性倾向。

宜人性: low
在她的对话中，她表现出了对某些人的强烈反感和对一些事情的愤怒。这表明她可能有更低的宜人性倾向。

尽责性: low
她的对话中表现出了一些关于作业、实验和学习的抱怨，但很少提及过努力实现目标或责任感。这表明她可能有较低的尽责性倾向。

{""神经质"": ""high"",""外向性"": ""low"",""开放性"": ""high"",""宜人性"": ""low"",""尽责性"": ""low""}"
5682320016,"5682320016: 我真的要吐了，某个室友说她谈恋爱交女朋友，如果女朋友不好就把她卖到山里面，卖她的器官，另一个室友附和说卖越南，哪里卖得钱多，我真的要吐了……幸好我远离她们了，真的好恶心啊 
5682320016: 在别人夸某东西的微博下面发表自己讨厌看法的人是不是贱啊？你觉得不好能不能滚去你自己微博说，偏偏在喜欢的人微博下面ky，展示你自己独特的品味么，想搏关注，表演欲有点太过了，贱不死你啊 
5682320016: 期末查个分心率从63飙到89， 
5682320016: 2023年目标：活着就好！本人做过最有勇气最大胆的事就是在这个烂世界里面活着，坚持不去死 
5682320016: 我真是服了，最近想听下英语播客，发现都不能听，要挂🪜才能听。真的服👍👍 
5682320016: 考试这几天的静息心率 
5682320016: 下辈子想做一只水母，在海里游来游去。当然，没有下辈子最好 
5682320016: 扫文记录👆错位初恋：破镜重圆，失忆梗，太长了，作者写得有点拖，简单看了下，就是穷小子被霸凌受暗恋有钱人家的开朗少爷，受在学校因为结巴被霸凌，攻家里对他不好，但在学校人缘很好，攻受一开始因为攻哥撞死了受爸在医院见面，后面受因为在学校被霸凌而转学到攻的学校，并且还和攻同一班级，和攻做了同桌，攻挺照顾他的，于是受暗恋攻。攻一开始是直男，交过女朋友，后面和受在一起过，分手三年重逢，成年了开了一家公司，成了一个有名气的老板，我跳着看、看到攻受被扒是txl，然后上热搜那段，有点绷不住，这里看得我好尬……而且写得也太详细了，好慢热啊，遂弃之✌️心逾炭火春：短，大纲文，适合睡前看，3p变1V1，和第三者在一起的梗，还行👌偏安一隅：没看完。破镜重圆，伪小妈梗，abo，开头就是攻爹介绍攻和受见面，攻爹是个变态人渣，攻一直想弄死他爹。受家庭也很曲折，受爸死得早，受妈就做风尘女，然后和攻爹扯上了关系，割掉了攻爹的腺体还偷了他的商业机密。受的妈死了后就一个人带他妹妹（其实我有点讨厌受，还有受妹妹。文里有个场景，受回原来的“家”和妹妹一起吃饭，还给妹妹带了很贵的礼物，受妹妹骂受贱，是老男人玩物，对受发火，把受做的菜都掀了，但是舍不得破坏礼物，我看到这里就觉得受妹妹好假好自私，她既骂受，又舍不得受以出卖身体给她带来的生活上的优渥，又当又立，比受还让人讨厌）。文里很大一部分都是回忆受和攻高中谈恋爱，然后攻出国了，本来受也要出国的，但是受爹找到受，用手段威胁不准他出国，然后受就和攻分手了。我看了一点受和攻高中部分，看到受妹妹走丢，攻和受一起去找她，但是我看得好不耐烦啊，我想看攻复仇杀爹然后美美继承小妈，特么一大段都是回忆杀，我跳着看都没见到几章顺叙的，索性就弃了。还有一个点，作者总是让炮灰用婊子来骂受，看得我难受……✊我的竹马是渣攻，风流攻，攻受差16岁，差太大了，看不下，弃了🖐️形影：破镜重圆，受小时候爹妈意外死了，攻爹和受爸妈是朋友关系，攻妈看受可怜就收留了他，但是后来攻妈又看受不顺眼了，在家处处为难受…受的形象嘛，就是那种可怜小白花，以攻和攻的一家为中心奉献自己的那种。攻就是寡言学霸，开头就是重逢（这篇文让我觉得不舒服的点就是攻妈转变得太厉害了，一开始还是善良人设，后面就变成处处为难，只在乎自己儿子的男宝妈嘴脸，而且表现的非常尖酸刻薄……然而攻爸呢，就是那种沉默的好人的形象，默默地为受保存去世父母的遗产😅（作者别太爱男了我说）（不过我在耽美这种纯纯厌女的作品里找爱女也是一种nt，深刻意识到）看到攻受在一起就没看了，怎么说呢，有点无聊，攻受人设也不是很吸引我。
5682320016: 晚上11:30去看了无名，只能说很无聊，看完从影院出来都1:30了，我和我堂弟一起看的，连他这个推崇主旋律的人都说没意思，浪费票钱😂从一开始就知道主角是共产党，因为咱们也不可能让一个除了共产党之外的别的党派的什么人当主角吧（一种逆向推理），其实就是一个主角卧底日本人最后获胜的故事，能拍得这么无聊也是牛的。至于为什么无聊但没睡着是因为今天睡了一下午
5682320016: 今天一口气看了两部玩具总动员！快乐！ ","神经质: [high]，该人物在对话中多次表达了负面情绪，如反感、恶心、焦虑等，说明该人具有较高的神经质倾向。

外向性: [low]，根据所提供的对话内容，该人物很少谈及自己与他人的社交互动，也未提到喜欢参加社交活动，因此可以认为该人物外向性较低。

开放性: [low]，该人物在对话中很少表达对新事物的好奇心或探索欲，而是对所接触到的许多事物表达了反感或排斥的态度，说明该人可能较为保守，开放性得分不高。

宜人性: [low]，该人物在对话中表现出对他人的不耐烦和不满，缺乏对他人的体贴、理解和同情，故可以认为该人物宜人性较低。

尽责性: [high]，该人物在对话中多次提到自己的学业和考试，也有表述目标和计划，表现出对自己行为的目标性和责任感，因此可以认为该人物尽责性较高。

{""神经质"": ""high"",""外向性"": ""low"",""开放性"": ""low"",""宜人性"": ""low"",""尽责性"": ""high""}"
5682320016,"5682320016: 流浪地球2，昨天去看了，整场下来打了不下十个哈欠，说一下吐槽的点1.整个片子全是男性主导，女性都沦为陪衬，看得我😅，全片都是满满的大男子主义，让我有印象的女角色：韩朵朵、数字计划突袭太空电梯的一个女性，还有跟在周老师后面的女接班人（没啥记忆点都忘了她叫什么了）开头给了韩朵朵很多镜头，刻画她多么优秀，结果后面嫁给吴京，交代了一下背景和第一部的衔接点之后就查无此朵了。2.剧情莫名其妙，交待不清，经常一个危机过了接着又来一个，叙事混乱。即使是这样，也看得人发困……3.有的梗看出来是想活跃气氛，搞笑一下，但是真的很突兀啊，一点都不好笑……真不懂第一部也是，莫名其妙加一些烂梗4.让我很无语的一个点：要炸月球，但是只能让人手动启动开关，牺牲一些人的时候，有人自愿站出来，说“愿意”的时候，我还有点感动，但是后面沙溢演的那个角色突然站出来说：“中国XX队50岁以上的人出列（抱歉忘记全名了）”然后其它国家也都效仿，让50岁以上的人去月球引爆。我真的好无语好无语啊！怎么了？老年人的命就不是命了？50岁以上就该死了？人家没有家？50岁以上就没价值了？年轻人就高贵了？我真无语🙄，明明那时候有人自愿出列，还来这一出……5.刘德华最后接通北京点的互联网的时候，迟迟没有接通，其它两个点都接通了，大家都很着急，但是他们那个队有俩人都死了，不是，这么重要的事，你们就不能多派点人吗？最后镜头给得，就只有刘德华一个人在坚持，你们到底是重视还是不重视啊😅，还有最后几分钟的时候，大家意识到任务即将失败，纷纷打退堂鼓，那个什么周老师一意孤行，非常固执地坚持自己的决定，大意就是相信自己人吧啦吧啦，吗的看得我真的火大，这是电影，所以结局一定会成功，这没有任何悬念。最后一秒接通成功的时候确实激动人心，但是也是真的俗套。如果失败了，怎么样呢？这种电影真的看得人心累，电影呈现出来的：只要有信念，有希望就一定成功。在灾难面前政府表现出来的高高在上，也让我想笑，反观三年疫情，更显得这个电影好笑了一句话总结：报看，浪费我票钱。
5682320016: 看完了权宦，好看，但是里面太多让人看起来很费劲对白（就是内种说一大堆道理，然后绕一大堆弯，给读者说明一下这样做怎么怎么样，是为的什么，走这条路又能怎么怎么样）一大堆揣摩别人心思的描写，一目十行地看下去也挺爽，就是看多了很累，会想跳过，还有一个缺点就是攻受的感情线，好嗑但又不是那么好嗑，怎么说呢，就是内种不得劲的感觉，攻受how pay，但是就是感觉……感情上太平淡了些，不是很狗血（个人口味）熬了一个夜看完，总结：好看，看了不亏
5682320016: 夜深了，好想念我那死去的老公…… 
5682320016: 妈呀，今天在家被我爸骂了，说我只会吃，然后我就回嘴，OK，fine，那我不吃了你还求着我吃呢（后面他就没说了，转移话题又骂我不干活）只能说我不适合家庭生活额，还是一个人住自在。 
5682320016: 深夜搜了下最近看的vtb中之人，omg……认的老婆全没了……女孩子都还好，很可爱，男的……一言难尽，还有瓜，我只想说，还我老婆！！！😭😭为什么！长成那样！！！ 
5682320016: 又在cz的推荐下收到了一篇好文，刚看了个开头，挺不错，感谢cz，谢谢谢谢，等看完来写读后感 
5682320016: 最近看的几本bl☝️以攻补过，在jj，好看，但是它是倒叙，先重逢再写破镜，我着急看完就把回忆跳过直接看重圆了，爽死我了， 攻很坏，受也很坏，只能说两个人真tm配！实在是一对b人，互相纠缠不适合去祸祸别人。后半段攻为了追受，真是，啧啧啧。先记录一下，以后有兴致再去看破镜（据说破镜也很爽😁）总而言之，看得我很爽（ps，后半段攻为了追回受，不计一切手段，让受上了，但是没什么详细描写，本人还能接受）✌️金枪鱼，cp的，好看也是破镜重圆，不过是正叙，好看，受一直默默喜欢攻，但是攻没心没肺，心安理得和受做炮友，受一个人憋了十多年，受最后和攻表白、分手那里爽啊，然后攻追受，最后受得病要死那里好tm虐😢掉了两滴眼泪，这本完整看完了，整体不错👌空心病，在fw，也是破镜重圆，一般，也是倒叙，先重逢在讲怎么破镜重圆，于是我同样看了前面几章铺垫，跳过破镜去看重圆，蒽，感觉受干的事有点说不上来的不对劲而且ooc，前期受给我的感觉非常bking，让我觉得很无语的是，后面重圆的时候受和攻在一起了也和家里出柜了，受妈也知道受和攻在一起但是不喜欢攻，受妈在过年的时候叫受去相亲，而且相亲这天正好是攻生日，受居然他爹的答应了，而且还瞒着攻，前脚给攻过生日：亲亲抱抱好老攻，后脚和妈去相亲。靠北，我真的很黑人问号啊，然后还被攻抓个正着。这本凑合着看还行……🤞失落拱极星，cp的，abo，怎么说呢，剧情逻辑经不起推敲，纯纯不用带脑子看的文，文笔也就一般般吧，就是一个及格线的无脑小甜饼文🖐️楚天以南，cp的，好看！！！怎么会这么好看啊，呜呜呜，破镜重圆攻真的好惨，受也好惨😭😭虐死我了，真的好看真的好看，作者写得很好😭😭两个人怎么会这么惨啊😭很好看啊啊啊啊啊啊啊，开头就是重逢，后面有几次插叙，但是我跳过了一部分攻受在一起的那段，应该是破镜前最甜的那段了，当时着急看而且本人喜欢虐的所以跳过了（等有时间再补上）前面受对攻表白，攻很自卑，觉得自己配不上受，然后对受说自己是直男，只喜欢女的（ps：等受亲完了他才说的🤭）看攻受之间的拉扯，很酸爽。非常不错的一篇文！！！先说这么五篇吧
5682320016: 金枪鱼嗑死我了，好看！感谢cz推荐！🙏🙏看到最后还流了两滴眼泪🥹🥹 
5682320016: 为什么，受为什么都要叫“软软”，我他妈真的奶嗝软软糯糯ptsd了 ","神经质: low，对于影片的吐槽多表现出冷静和理智的态度，没有体验过分消极情绪的倾向。
外向性: low，倾向于在家中独处，不太喜欢和家人互动。
开放性: high，对于电影、小说等文艺作品持开放、探求的态度，并愿意接受新的观点和理念。
宜人性: low，对父亲的言语没有积极回应，表现出一定程度的冷漠和不合作。
尽责性: low，没有表现出对家庭生活的极度负责，表现出自在的个性，尤其是在不愿意和父亲互动的态度。 
{""神经质"": ""low"", ""外向性"": ""low"", ""开放性"": ""high"", ""宜人性"": ""low"", ""尽责性"": ""low""}"
5682320016,"5682320016: 笑得相似当大家以为这首歌要开始drop的时候（停顿）突——~↗️然↗️间➡️（大声）我们stop🤚（停顿）🥁噔噔噔噔噔噔🥁（击掌）🙌 驾！驾！驾！驾！go~↗️驾！驾！驾！吁~↘️驾！驾！驾！驾！go~↗️驾！驾！驾！吁~↘️谁懂 
5682320016: cp的楚天以南真的好看嗑死我了 
5682320016: 又在cz收了个安利，破镜重圆，好看，很虐，妈呀看了二十来章吧，作者写得很有氛围感，虐死我了 
5682320016: 看文，cp是开朗受和因车祸父母双亡毁容攻，作者应该是想写阳光小太阳受，就那种开朗的没心没肺的，但是看下来受给我最大感觉就是没礼貌！真的太没同理心和礼貌了，我的天呐，第一次见面就提到别人的伤口，人家不理你就气急败坏……真的很没素质，我能感受到受的别扭，但是他也太要面子了吧，真的会幻视一些现实中的国南（🙏我有罪，纸片人不应该和国南相提并论！！）
5682320016: 现在每天都是在床上生活，非必要不下床，已经是个没有腿的人了 
5682320016: 发现我看网文看得好快，昨天在踩组收了一篇安利，二十多万字，今天上午就看完了，没有跳章（cp的寄余生，确实挺好看的） 
5682320016: 最近几天看碧海梦，刷🍠，看小狗狗小猫猫找回了最初的快乐 
5682320016: 微博2022年度总结，我真的好喜欢碧海梦 
5682320016: 笑死了，你国保护了你什么啊…… 
5682320016: 什么时候到1.1？我要改名字！！！受够了这名字了！！！ 
5682320016: 买了iwatch后，本人已成数据奴 
5682320016: 谁，给我点cp嗑嗑，我要好嗑的， 
5682320016: 一个大五人格测试记录，不知道准不准 
5682320016: 真受不了了，这个世界为什么会这样？为什么啊？为什么人这么冰冷，为什么能这么没有下限……希望在哪里？明天在哪里？ 
5682320016: 现在出现了一种情况：每天做核酸但是我的健康码是黄码，而它给出的原因是没做核酸。我也懒得去转码了，事不过三，黄就黄吧 
5682320016: 每天都做核酸，今天是第三次被赋黄码了， 
5682320016: 今天朋友送了我一个天使小猫猫，很可爱，嘿嘿嘿@前路不未名 
5682320016: 心电图好难，我啥也学不会，相似，我好垃圾 
5682320016: 我们能做出的最激烈的抗争就是自杀么？ ","神经质: [low] 该人物对于大多数话题的反应都是比较轻松的，敢于发表自己的看法，没有过于敏感的情绪反应；
外向性: [high] 该人物很活跃，对于社交娱乐活动有很大的积极性，经常发文分享自己的感受，表现出一定程度的外向性；
开放性: [low] 该人物的话题范围相对较窄，似乎缺乏对于文化艺术等领域的探索和兴趣；
宜人性: [low] 该人物在表达意见时相对直接和毒舌，没有过多考虑其他人的感受，缺乏一定的合作精神；
尽责性: [low] 该人物在发表言论时缺乏一定的自我控制，容易冲动和情绪化，没有很强的自我导向和组织能力。

{""神经质"": ""low"",""外向性"": ""high"",""开放性"": ""low"",""宜人性"": ""low"",""尽责性"": ""low""}"
5854265900,"
5854265900: 为什么没有去死超话，给我好好谈论怎么让自己和别人去死的方法啊别再管这个没救的世界了。 
5854265900: 衣服因为小肚子吃不下了…😭我要减肥，真的 
5854265900: 看不下去了吗的，读个屁书诚邀热心野狼一口解千愁，下辈子再做人我就不是人 
5854265900: #期末周#期末周好想死，写论文写到哭是应该的吗…… 
5854265900: #大五人格#这个开放性也是有惊到我，但是这个一根线的要怎么处理。我要怎么在心理课的报告上解析我的一根线，我是昏睡的工作狂… 
5854265900: 我爸的祝福：你这样熬夜很容易死我爸的温柔：超市卖蛋糕的女的挺漂亮，给你买个半价蛋糕我爸的关心：在你学习时外放抖音一个目标，不一定实现，三十岁前有自己的房子 
5854265900: 精神失常的sh大学生 最帅的年糕的微博视频 
5854265900: 我在#微博造浪音乐节#校园音乐节PK赛中选择了@华东师范大学！小伙伴快来戳上海高校争夺落地资格参与活动，为母校赢取音乐节落地资格！ 
5854265900: 我在#微博造浪音乐节#校园音乐节PK赛中选择了@华东师范大学！小伙伴快来戳上海高校争夺落地资格参与活动，为母校赢取音乐节落地资格！ 
5854265900: 我在#微博造浪音乐节#校园音乐节PK赛中选择了@华东师范大学！小伙伴快来戳上海高校争夺落地资格参与活动，为母校赢取音乐节落地资格！ 
5854265900: #查理苏#他的完美生日，怎么能少了完美的你？扫码来为他庆生吧：网页链接 
5854265900: 我分享了文章 共育公共传播人才培养的合作机制 
5854265900: 我分享了文章 青记独家丨传统媒体转型平台化运营的三大法则 
5854265900: 『【荐读】传统媒体新闻版权保护可行性探索』【荐读】传统媒体新闻版权保护可行性探索 
5854265900: 博洛尼亚插画展#博洛尼亚插画展##出票##上海# 来不及去看啦要期末考啦有没有人要呀 
5854265900: #跟着羊驼学韩语#打卡打卡@羊驼韩语 
5854265900: #跟着羊驼学韩语#不知不觉已经学了好多呢@羊驼韩语 
5854265900: #跟着羊驼学韩语#忙碌的一天加学习@羊驼韩语 
5854265900: #跟着羊驼学韩语#好多单词累了@羊驼韩语 
5854265900: #跟着羊驼学韩语#打卡，背单词ing@羊驼韩语 
5854265900: 我在#新浪影视综盛典#为【《剑雨江湖》】投票，助力Ta登顶【年度综艺音乐榜】，现在参与，还有机会获得线下活动门票，更有亲笔签名照等福利等你拿！  2020踏浪而上·新浪影视综盛典 
5854265900: #跟着羊驼学韩语#复习课@羊驼韩语 
5854265900: #跟着羊驼学韩语#今日！@羊驼韩语 
5854265900: #跟着羊驼学韩语#今天是正式进入教材哟@羊驼韩语 
5854265900: #跟着羊驼学韩语#昨天！@羊驼韩语 最帅的年糕的微博视频 
5854265900: #跟着羊驼学韩语#又一天～@羊驼韩语 
5854265900: #跟着羊驼学韩语#新的一天，周一是最累的@羊驼韩语 
5854265900: #跟着羊驼学韩语#打卡第不知道几天@羊驼韩语 
5854265900: #跟着羊驼学韩语#第二天继续加油！👏@羊驼韩语 
5854265900: #跟着羊驼学韩语#打卡第一天！@羊驼韩语 
5854265900: 我分享了 @北京晚报北晚新视觉网 的头条文章 北京白塔寺小院改造“五步曲”获“重生” 老城区再焕新活力 
5854265900: 我正在看【百度网盘分享】，分享给你，一起看吧！ 百度网盘分享 网页链接 
5854265900: 我正在看【百度网盘分享】，分享给你，一起看吧！ 百度网盘分享 网页链接 
5854265900: 我关注了全国美术艺考设计超话，志同道合的盆友们，来不及解释了，快来加入吧！超话传送门→ 网页链接 
5854265900: 我免费围观了 @美术图录 的回答，问题价值 1.00 元，快来一起免费围观~ 微博问答 
5854265900: 绘画的20种构图套路，你会几招？ - 来自知乎专栏·「自学画画」，作者：文兄，网页链接 
5854265900: 色彩 | 画色彩时，你必须想到这些！色彩 | 画色彩时，你必须想到这些！ 
5854265900: 我关注了张爱马笛贾昊悦超话，志同道合的盆友们，来不及解释了，快来加入吧！超话传送门→ 网页链接 
5854265900: 我踏过千山万水，只为遇到那个志趣相投的你，我关注了胡菁超话，一起聊天哇！传送门→ 网页链接 
5854265900: 身边有好多重要的人真好，就算没有聊天没有一直陪伴，但是他们留下的回忆一直源源不断地提供能量。十分确定他们的支持会一直在我背后，是世界上最幸福的事，什么疲惫都可以过去，要重新振作起来！太好了有朋友和家人和温柔的女老师！ 
5854265900: 但是吃好喝好根本不难过了！ 
5854265900: 原来我是这样的豹系女孩！快来参与@katespade官方微博 与微博Hi fashion 联合发起的#动物系女孩现形记#测测你的隐藏属性，解锁内心小野兽！👉网页链接 
5854265900: 难过的时候找找开心的回忆 
5854265900: 调色盘比画好看。撞色莫奈😝 
5854265900: 我关注了健太郎超话，小伙伴们快来加入健太郎超话一起聊聊吧~戳这里→  网页链接 
5854265900: 我关注了柏原崇超话，小伙伴们快来加入柏原崇超话一起聊聊吧~戳这里→  网页链接 
5854265900: 在最没有能力的年纪遇见了最想养的猫。好不负责任啊 
5854265900: 手指触碰到肉垫的那一刻，我就知道我完了 
5854265900: 我关注了神尾枫珠超话，小伙伴们快来加入神尾枫珠超话一起聊聊吧~戳这里→  网页链接 
5854265900: 进步后的退步是为了下一次进步，糖葫芦期也有高度 
5854265900: 今天。就这样结束了。嗯。可以暂停就好了，开心的什么都无所谓。一起唱歌的时候不能对视，那一首歌对视会哭的。日子过得好快，现在回忆起从前的寻常快乐，以后都是不可触及的，留下的都是从前快乐的感觉，像一直躺在浅浅的水里看着天，人浮着，风吹过的时候波动的感觉。后来的你们会去哪里。真的用力地开心过，连平常一直说的再见最后一次说都觉得多了一丝珍重的份量，好好道别了呢。已经难过得不知道在说什么却有好多想说的话。到最后也不过是一句再见。
5854265900: 一周的变化~慢慢变得能看嘿嘿 ","神经质: high。该人物在不同场景中表现出焦虑、抑郁的情绪；并且多次表示想要死亡的情绪。
外向性: low。该人物在文本中并未展现出外向、积极的特质，不经常与他人进行交流。
开放性: high。该人物多次在文本中表现出对知识、经验的渴求，希望学习新的事物。
宜人性: low。该人物在文本中多次表现出独立、自我中心的态度，未表现出对他人关心、支持的情感。
尽责性: low。该人物在文本中表现出消极、拖延的倾向，多次表示熬夜、焦虑的状态。 
{""神经质"": ""high"",""外向性"": ""low"",""开放性"": ""high"",""宜人性"": ""low"",""尽责性"": ""low""}"
5854265900,"5854265900: 我免费围观了 @中国美术精选 的回答，问题价值 10.00 元，快来一起免费围观~ 微博问答 
5854265900: 以后要和郑妍岚小鸟儿去看落日飞车的演唱会！ 
5854265900: 大家都好可爱，以后吃喝不愁了，未来一片光明。 
5854265900: 和晓圆聊天好开心，人是为自己而活。 
5854265900: 无论怎样都要开心啊，不要浪费喜欢的春天了 
5854265900: 想有个妈妈抱抱我摸摸我的头 
5854265900: 分享电台节目 夏夜晚风 feat. Niko (@网易云音乐) 今天天气很好，一切都很好。 
5854265900: 追逐梦想就是追逐厄运，满地都是六便士，他却抬头看见了月亮。 
5854265900: 春天的日光有种温暖的甜蜜，木棉花开得好温柔啊可惜拍不出来 
5854265900: 2019.3.24非常糟糕的58 
5854265900: 少杀生，多做善事，因果报应啊，吃鸭面被鸭骨头磕坏牙齿？是天命吗？是报应吗？不，就算命运扼住我牙齿的咽喉，我还是要继续对抗他！鸭，你等着！ 
5854265900: 今天也超开心，吃披萨吃牛排鸡翅炸虾气泡水水果沙拉提拉米苏。鸟儿和雪花超棒，以后我要带他们嗨皮！要维持这个开心的心情好久！ 
5854265900: 在下雨天，去灯光温暖的热闹的面馆，和朋友一起吃一碗热腾腾的面。为了省钱又多吃，两个人点一碗面，一笼小笼包，一份炸猪排，吸溜吸溜的吃，小笼包整个塞到嘴巴里，鲜鲜的肉汁炸出来，每一个味蕾都在舒服满足地喟叹。三鲜面也超好吃，小笼包也是，最好的是和重要的人一起在喜欢的雨天喜欢的学校喜欢的店吃好吃的东西。真的好开心。要藏在心里好久，难过的时候拿出来。","神经质: low，该人物表现出了积极、开朗的情绪，几乎没有表现出焦虑、压力等负面情绪。
外向性: high，该人物在与他人的交往中表现出了积极的、乐于交流的态度，喜欢与他人分享自己的想法和感受。
开放性: high，该人物表现出了向新事物的探索和尝试的态度，乐于接收新的经验和创新的想法。
宜人性: high，该人物在与他人的交往中表现出了友好、热情、有同理心的特质，乐于和他人合作、帮助他人。
尽责性: low，该人物没有表现出明显的目标导向的行为，对时间管理也没有要求，更关注当下的快乐和享受生活。 
{""神经质"": ""low"",""外向性"": ""high"",""开放性"": ""high"",""宜人性"": ""high"",""尽责性"": ""low""}"
6348511031,"
6348511031: 在图书馆的墙上寻找到力量。“走崎岖之路也有它的辛劳的报酬。” 
6348511031: 神奇生物钟：起床做作业了。熬夜选手转型早起选手。（被动版） 
6348511031: 给自己打气！plenty of power！ 
6348511031: 表达负面情绪的能力很差。但也总能在结束的候，跟自己说一句，过去啦，不要不开心了。 今天也积极向上！ 
6348511031: 健身路上最大的困难，路边烧烤摊 
6348511031: 一定要有期待也要有很喜欢的东西。比如，我蝶： 6点更新B站vlog我：所有的不开心和烦恼都可以暂且搁置。 
6348511031: 又又又坐动车啦！分配到的座位是C，并没有靠窗！上了动车后，我坐上了C位，但仍觊觎靠窗的A！于是就从C挪到了A，想着先占用一下拍个照也行吧！这时A位的主人来了，看到自己的座位被占着，震惊地看着我！于是我笑着默默移回了C。他： 你坐着吧！我坐外边也行！大哥，好人一生平安哦～ 
6348511031: Everyday：我的爸爸太好了！周日晚：从外面开他自己的车回家，坐上我的车，在副驾驶指导我开到学校。而后他开我车回家。周五等我放学：把我的车开到学校，在副驾驶坐着，指导我开回家。不知道这样的日子会持续多久，总之，多刷开车视频，早日掌握熟练技术，不要再麻烦我爸了。 爸爸真的好好啊！要更努力，成为他的骄傲啊！💕
6348511031: 图1:一次动车🚄一瓶水图2:剩下我的脉搏在剧烈跳着，起起伏伏 
6348511031: 开完会喝个手冲加蛋糕，完美 
6348511031: 要做一朵盛开在自己山岗的花啊！🌼🌸💐🌷 
6348511031: #微博健康公开课# 高中生突发猝死，得益于学校老师和校医的及时的心肺复苏和AED的使用，小伙子虽然深昏迷进入急诊监护室，经过我们团队一周的努力后奇迹般的完全苏醒了，今天可以去普通病房和家人一起了，希望你越来越好，特别开心，奖励自己一杯咖啡。 
6348511031: 每一朵花都值得纪念。 
6348511031: 好喜欢一个人出行的状态啊！图一左下的女孩的状态，正好是我喜欢的模样。太想过简单的生活了！舒适和自然大概是当下最强烈的渴望了。最后：请静下心好好学习！ 
6348511031: 每一年国际妇女节，都祝全球女性和我自己，独立自由有力量。 
6348511031: 一些花和光。总是觉得手机拍照很方便，但是和相机还是有很大差距。希望接下来能好好使用相机。 
6348511031: 这个世界上怎么会有被我这么喜欢的女孩子啊！会说：“春天来了，我们见面吧。”会说：“世界是流动的，我们别在原地打转了。”春天来了，祝图中腿受伤，安装了轮子也快乐奔跑的小狗，春天快乐。 
6348511031: 谁又眼眶微热南洋星河（上海交通大学毕业歌）（@网易云音乐） 
6348511031: 睡前听物：380 多个小时，筛选出最喜欢的一期《我的毕业致谢》，小众但治愈，会反复听。每周四会等的是《one call away》，听两位姐姐，每周互打一通电话，“有时聊点感情的娱乐的，有时聊点理性的思辨的，有时也会不小心触即心中柔软的疼痛的。”其他的，困惑什么，听什么，唯一就是不能听到什么相信什么。
6348511031: 每当换季的时候熬夜，就总会猝不及防感染单纯疱疹。第一次是在大学，医生就预言我之后每年都会长一次，而事实也正如此。好在，治疗自己的过程就是治愈自己的过程。 生病也快乐～ 
6348511031: 和老师聊完的结果就是刚买的书一秒变成负相关，但因为是较有名的著作还是集中时间看完了。但凡涉及到哲学都觉得难懂，但又期待着想要系统学习一下，所以科学的尽头真的是哲学吗？还想问，为什么出版社都会给书本设计书封，我觉得好累赘。 
6348511031: 浅浅发个呆。发微博好快乐，不用讲究排版和滤镜。随意拍，随便传。 
6348511031: 杭州的倒春寒有点厉害，🥶 
6348511031: 晚安～每一天都要是自己喜欢的样子啊！ 
6348511031: 也是今天。中午路过，被“红十字”几个字吸引。想着总要做些特别的事情吧，或者在特别的日子为人类做一些事情。到的时候，粗粗扫了一遍基本都是理科类的书籍，和我完全不沾边。直到看到这本熟悉的《当呼吸化为空气》。美国神经外科专家，在盛年查出肺癌，用文字记录与死亡同行的时光。我在2022年1月买的这本。6月，有一个每年都祝我新年快乐的小朋友考进了大连医科大学，我就把这本书送给他了。趁着今天我把它买回来了。我在打开它的时候，就知道是盗版的，但还是买了。😂希望下一个生日，能勇敢尝试一下献血！
6348511031: 没有好好拍照，也不想修图。喜欢的东西和喜欢的夜晚都该是它们本身的样子！#唯有书籍📚！唯有看书不累人# 
6348511031: 一个人住酒店是几级孤单。在这过程中又好像有变更独立，更勇敢。现在的状态是想试试一个人旅行。 
6348511031: 倒着拍好像也是一米五啊，尽力了 
6348511031: 2月23，凌晨2:30-3:53循环《没有理想的人不伤心》不知道几遍。祝我明天有好的精神状态。 
6348511031: 二月二，今天一个住院很久的车祸老太太康复出院了，不容易的经过，希望一切顺利🙏 
6348511031: 围着西湖骑共享单车也太快乐了吧！如果春天都能被用来浪费就好了。越长大越松弛～ 
6348511031: 在西湖吃糖葫芦的凌晨🕛 杭州·西湖风景名胜区 
6348511031: 返校第5 天，不得不说，感受到了自由的呼吸！一直觉得我的爸爸妈妈还挺好的，但经过这几天的对比，忽然意识到自己在一定程度上是有被影响的，因为我爸爸总是不经意间询问我有没有目标对象之类。说是没催，但其实就是在变相施压。现在不在他们身边，就管不到我啦，也不会觉得有压力，儿女情长都可以放一放。我变得更喜欢自己，也更热爱生活了。Anyway，我永远都相信，The best is yet to come！记录此刻的快乐和轻松～
6348511031: 不知道今天是不是一个值得纪念的日子，但是今天我想种一株向日葵花。 
6348511031: #观影# 因为很迷小谢尔顿，所以长时间都在《生活大爆炸》，但是从今天开始，也想认认真真，不错过细节地观一遍这部同94的剧。伴着现有的认知和思维，我会认为it is the best time for me to feel and think. ","神经质: low，该人物在文本中总体情绪较为积极向上，同时表达负面情绪的能力很差，但会积极向上，过去的不开心都可以不计较了。

外向性: low，该人物一般都是独处或者与好友共同出行，且在文本中未出现该人物在大型社交活动中的身影。

开放性: high，在文本中提到该人物关注哲学，并希望了解系统的哲学知识，同时记录生活对于美好和轻松的一些事物有较高的敏感度。

宜人性: high，在文本中该人物关注家人和他人的情况，并对于生活中的小事情很具乐观态度，由此可以推断该人物在合作与社会和谐性方面有较高的宜人性。

尽责性: high，在文本中提到该人物为了提高自己的技能水平，会刻意学车，定期听健康公开课并尝试献血，而且记录日志，对于自己的情况有较高的责任心。

因此，该人物的五个维度的评估结果为：

{""神经质"": ""low"",""外向性"": ""low"",""开放性"": ""high"",""宜人性"": ""high"",""尽责性"": ""high""}"
6348511031,"6348511031: #观影# 打卡了《流浪地球2》，没有好看或者不好看的评价，毕竟每一个人不尽相同，产生的感受也是。于我，我更想从理性和感性的角度去分析。科幻与科技总是理性的，各部门，各公式，密码，操控器，空间站与设备都需要精准的测算，里面的人各安其职，深深吸引着我。而在关键时刻推动主要进展的往往是感性。对女儿完整生命的执着一直激励着剧中的一个人物。爱情也使剧中的另一个人物勇敢且乐观。而更多的人，包括上面的人，他们都在为人类文明努力着，哪怕最后的结局是牺牲。“没有人的文明，毫无意义。”感谢剧中那句：“50岁以上出列”，那现实中，我们留在地球的，是不是也就意味着，我们在地球出列。因此，无论做着什么工作，只要有其意义，我们好像都应该try our best。接下来的日子，会更努力的，这一整年都是。毕竟，地球is pretty dame beautiful。每当观赏一部电影，我都在努力找寻着它对于我个人的意义。
6348511031: 吃过很多家饭菜，还是最喜欢爸爸做的。从小吃到大的味道就是会特别贪恋。今天也是第一次觉得要传承一下爸爸的极简风手艺。 
6348511031: 我：在小角落里快乐。外甥：在游戏里快乐。 
6348511031: 我们从小小的人儿着急着长大。 
6348511031: 除夕夜是真的要把压岁钱🧧压在枕头下面嘛？虽然也不是一个非常爱干净的人，但是不是说钱是最脏的东西吗？并不能做到枕着睡哎。 
6348511031: 写在2022年的农历除夕：虽然不知道你是谁，在哪儿。但是：你要等着我呀，我正在努力成为最好的自己；如果幸运的话，我们一起参加集体婚礼。 
6348511031: 干妈的儿子来我房间，我拿出了给他精心准备的图一新年礼物。他：我谢谢你了！别把它拿到这个房间之外的任何地方，特别是别给我爸妈看到。😂 记：干妈每年毫不例外的海鲜和红包。记的原因是要自己不要忘记了这份情谊。希望我也能有能力照顾到他们！ 有新年红包真的很开心，比小时候更开心！ 因为爸妈别想抢走！
6348511031: #阅读# 今年的年前阅读完成。✅从去年开始不自觉养成了在农历新年前看完一部大巨头书的习惯。去年看的是《你当像鸟飞往你的山》，非常值得！今年完成的是《那不勒斯四部曲》。其实这套书我已经买了很久了，一直没有大段的时间去阅读，而且刚开始读时觉得作者的文风比较拖沓，像极了我说废话的样子，一度读不下去。今天读完全部，带给了我很强烈的冲击与震撼。无论是哪一类女生，我们都一定能在书中找到自己的影子。推荐给所有女生！ 还有就是明年读什么
6348511031: 随意记。 一颗好喝橙子的微博视频 
6348511031: #阅读# 此时此刻的幸福：开着空调，躺着看喜欢的书。时间完全属于自己。感恩生命馈赠的书籍，温暖，床，空间和安静。 
6348511031: 记忆是阵阵饭香·2022版 
6348511031: #love and peace# 就是非常喜欢阴雨天，且偏爱冬天。在这个天气里什么也不干，躺在温暖被窝听歌，看剧和刷手机。或者什么也不玩，安静躺着听外面的雨声也很好。这时候，我总能睡上一个很舒服很安心的午觉。 
6348511031: 记一次获益匪浅的组会。每次和导师聊天都能泪目。 我说：“老师，我目前自己都比较混乱了。就针对这个现象吧，从这个角度看不太行，从那个角度看就也有道理了。”导师：“不需要着急找答案。你混乱的过程就是深度思考的过程。有时候非要给出斩钉截铁的答案反而是片面的！！！” ","神经质: low。虽然在《流浪地球2》的观影中，该人物提到了想要从理性和感性的角度去分析电影，但整体来看，该人物的言语中并没有表现出明显的消极情绪和焦虑感。
外向性: high。该人物的话语显露出较高的社交积极性，经常分享自己的生活和观念，并热衷于观影与阅读，具有较强的兴趣探究欲望。
开放性: high。该人物在对待观影、阅读等活动时表现出开放接纳的态度，善于从多个角度思考问题，不拘泥于固有思维和常规观念。
宜人性: high。该人物对待家人和亲人关系中表现出较为温和、友好、尊重和感恩的态度，也表现出关心他人的关切。
尽责性: high。该人物在观影、阅读等活动中表现出高度的自我要求和责任感，强调自身认知与思维深度，以更高效的方式实现自我提升与自我成长。"
6348511031,"6348511031: 纪念病中的胡思乱想。这段时间真的好辛苦，心动使我患得患失。我好累，有好几个时间段想念与喜欢太强烈，以至于不受自己控制，并产生了与病毒同期存在的期待与失眠。我觉得自己一点都不酷了。我遇到了心动的男生，和所有的心动一样，这些天的脑海被他占据，每当出现带着他id的消息都会使我紧张又期待。无论他的回复是什么，我都觉得那是极好的文字和语言。没有消息的时候，幸好还有微博可以读，我在几个无法入睡的夜晚翻阅了他的微博一遍遍。无论是开心还是不太开心的文字都让我觉得他生活得那么鲜活又真实。我不得不承认我有被吸引到，因为很多个时候我都非常想要关心他，出现了真正的关心，类似于想照顾生病的他，也想好好安慰情绪不佳的他。没有任何索取，想付出。最大的初心就是希望他过得好。记得他有一段文字是，“想吃秋葵，于是妈妈每顿都烧，爸爸还种了两株秋葵。这个世界大概只有他们能这样对我了吧。”当时的心情就是：还有我啊，我也可以。       很开心的是，也能有那么几次，能偶然收到他的消息。我已经努力在做着其他事情去分散自己的注意了，但是在心里的角落里还是期待着他的出现，不知道哪里来的信念，我也相信着他会出现的，目前为止都没有失望。不怎么开心的是，这段时间的确有辛苦啦。喜欢一个人真的好辛苦。但是因为他是我真的觉得极好的男生，就把这样的辛苦当作生活的礼物好了。至少在这过程中，我也能更多了解自己，真切感受自己情绪的变化。再来说一些能安慰到自己的话吧。其实有想放弃，也真切知道这多半是一次没有结果的喜欢。可是，我又是一个做每件事情都很认真的人。所以选择默默喜欢，是我能想到的最好的状态。我是一个不太想受情绪影响的人，以至于我觉得日后能在微博看他和未来女朋友好好生活都是一件极开心的事。因为如果女孩不是我的话，我能省去中间的辛苦，直接看他幸福。也能跳过他和女朋友难免出现的不愉快的磨合，直接看到他的快乐。我真的好懒啊。也是对自己没有信心吧。以上都是关于情感。回归理性的话，我并不是他最好的选择，一般好的选择都算不上。不知道他会不会也想要轻松，想要找个一起工作的，或者住的近的，毕竟生活就是要一起好好生活，方便生活。虽然也会觉得如果有感情，我也愿意商量着奔赴。也是因为这样，我才觉得我真的有喜欢他吧。当然，一切的前提是他需要是确实还不赖的男生，至少有责任感？ 最最现实的是，我们并没有见过面，他似乎也不需要女朋友。老天真的好为难我。不过呢，我会调整好自己哒！也能心平气和面对这一切，反正从小到大的抽奖我都没中过，这次也不至于那么幸运吧。光是遇到就是礼物，已经很开心了。一方面觉得能看到这样的男生真不错，另一方面我觉得我的专业充满了魅力，我非常沉迷。此前就安心学习就很好。最最后后就是，我非常明白，喜欢是我的权利；不喜欢是他的权利。希望他能和喜欢的女孩子一起生活。因为是自己喜欢的，会更有动力，也更开心。反正也没人看，就暂且记录一下这次那么想要真心对待一个人，想要关心一个人的心情吧。这一切看起来有那么一些荒唐，但我依然任所有的情感自然发生了，也勇敢承担着对应的苦。一整年都在沉浸式学习，拥有那么几天思考情感问题也不至于太过分吧，而且还是趁着生病的间隙。总的经验教训就是： 不要心动！不要心动！不要心动！  如果心动了，那就大大方方的好了！此处手动插入一首《去有风的地方》当背景乐。希望大家如果遇到心动的，都能一起玩，并且简简单单。此时的我，已经病好了，不再感觉苦了，健康真好，开心！
6348511031: 病倒后，经历了几个昼夜的反复，终于有力气起来吃水果。如果说这个寒假有什么状态值得记忆，那就是疲惫。爸爸妈妈先我病倒。一方面要照顾家人，一方面要保证自己尽量不被感染。煮过红米粥，熬了雪梨汤，炖熟排骨和玉米，烹饪方面的经验实在太少，但是对家人的爱意和关心让我欣然做事。此刻，如果还有其他，那就是想入一盆绿植🪴感受生命的活力。 
6348511031: #阅读# 2022断断续续读了一些书，让我印象最深刻的是《活着》《人生海海》《秋园》和《我本芬芳》。这四本我都买了纸质书，个人觉得它们都属于同一种题材的小说，看起来不累人却非常吸引人。特别是《秋园》被誉为女性版《活着》，其作者70多岁才开始写小说，80岁发表了处女座。我一直以为她只出了《秋园》和《我本芬芳》，今天惊喜地发现还有一本《浮木》。病中有书，实为庆幸。
6348511031: 被喜欢的物品包围着。 
6348511031: 纪念一下此刻：我人生中最勇敢的瞬间之一！ 
6348511031: 听：歌和播客。看：书和视频。 
6348511031: 从一个黄昏又一个深夜到另一个拂晓，点开一个人的主页次数骤增，这件事许久都不曾发生过。我似乎心动了，但又深知网络带来的不确定，于是我极力隐忍想与对方对话的想法。当你喜欢一个人时，你在喜欢他的什么？我先喜欢的是他的世界。像平静水面浮起涟漪，忍不住的时候会想“那就表白吧”。 
6348511031: 读书是静心的最好良药。 
6348511031: 纪念去年圣诞🎄等天气暖和了，冬天的句点过去了，下一站旅程一定更丰盈幸福。 
6348511031: 我的房间是我最大的治愈系 
6348511031: 每个周一都是被导师深深感动的周一。 
6348511031: 科研人是有多痴睡？以我为例，我在周五下午16:20接到通知要完成一个课题的开题，周一上交。周五晚上确定了要写的方向，周六上午培训，下午我睡了很长一觉，美其名曰，清醒脑子。晚上写好了研究背景，23:00我去睡了。周日上午，6 点醒回笼觉8:30起，8:30-10:30我删删改改完成了综述，然后我又困了，睡到1:30。起来之后，完成了全部内容，3:30我又困了，睡到了5点。我思考了一下，不是身体有多累，而是精神压力太满，是睡眠在拯救我。
6348511031: 写不出开题就是在玩香薰精油，以缓解压力。为什么科研这么苦，还要去做？因为痛则不通，通则不痛。 一颗好喝橙汁的微博视频 
6348511031: 作业没有完成的五一 一颗好喝橙汁的微博视频 
6348511031: 我分享了 文章 教育热点 | 减轻中小学教师负担，营造教育教学良好环境 ","神经质: high
该人物在不同场景下都表现出了情感上的波动，尤其是在谈到喜欢的人、感情问题以及病痛时，语言中充满了苦恼、不确定和消极情绪。
外向性: low
该人物多数时候表现出内向、自闭的特点，喜欢独自阅读书籍、听播客、观看视频等活动，对网络文化有一定依赖。
开放性: high
该人物表现出探求、接受新事物的开放态度，喜欢阅读、听播客、看视频等多元化的娱乐方式，并且能够包容自己的情感波动。
宜人性: high
该人物表现出非常强烈的情感和关注他人的同时，也能够为了家人、朋友而付出自己所能付出的一切，对他人的需求非常敏感。
尽责性: high
该人物在完成任务时，非常认真负责且高效。在科研工作中，虽然疲惫不堪但依然执着于完成任务，在烹饪方面也同样如此，对家人负责任。"
6348511031,"6348511031: 最近在研究做食物没有错 但是请不要忘记学习哦等明天柜子好了 一定要安排学习了。 学习才是第一要义 
6348511031: #📒橙子每天都要好好学习# 从明天起开始记录啦📝forest时间打卡📝教育综合333卡📝每天视频备课卡📝练字卡📝手机屏幕卡📝851卡 背单词卡 
6348511031: 我分享了文章 有问题上知乎 
6348511031: 简答4: 自我效能感自我效能感是指人们对自己是否能够成功地进行某一成就行为的主观判断。是班杜拉最早提出的。 人们的行为受行为的结果因素与先天因素的影响。行为结果因素就是通常所说的强化，他认为在学习中没有强化也能获得有关的信息，形成新的行为。而强化能激发维持行为的动机，并控制和调节人的行为。分别 直接强化 替代性强化 和自我强化自我效能感的功能：1.决定人们对活动的选择以及对该活动的坚持性2. 影响人们再困难面前的态度 3. 影响新行为的获得和习得行为的表现4 影响活动时的情绪
6348511031: 简答3:什么是学校教育制度？ 有哪些类型学校教育制度简称学制  是一个国家各级各类学校的系统及其管理规则的总称，他规定着各级各类学校的性质任务入学条件修业年限以及它们的关系。双轨学制 单轨学制 分支型学制 
6348511031: 简答2在人的发展过程中 哪四个方面的因素最重要？内容是什么遗传  环境 个人的主观能动性  教育1.遗传素质是人发展的内在生理前提 2.遗传素质的成熟程度制约着人的发展过程及年龄特征  3.遗传素质的差异性在构成身心发展的个体特点上具有一定的影响。 4. 遗传具有可塑性环境： 1.环境是人发展的外部条件 2.环境的给定性与主体选择性 3环境对人的发展离不开人对环境的能动活动个体的主观能动性1.个体的能动性是在人的活动中产生和表现出来的2.个体的能动性是人发展的内在动力3.个体的能动性影响人的自我设计和奋斗教育1.教育是一种有目的的培养人的社会活动2.教育只要通过文化知识的传递来培养人3.教育对人的作用越来越大
6348511031: 简答1 教育的要素及其关系教育者 受教育者 教育中介系统教育者凡是对受教育者在知识技能思想品德等方面起教育影响作用的人都可以称为教育者受教育者，在教育活动中从事学习的人。既包括学校中学习的儿童少年也包括各种形式教育中的成年学生教育中介系统是教育者与受教育者联系与互动的纽带，是开展教育活动的内容与方式。 关系：构成教育的三个基本要素相互联系1.。教育者在教育活动中起主导作用，是教育活动的组织者领导者；2.他掌握着教育目的，采用适当的内容和手段，创设着必要的教育环境。调控着受教育者和整个教育过程，3.从而使受教育者的身心发生预期的变化，实现教育目的。
6348511031: 4.骑士教育是中世纪世俗教育的一种形式，以培养封建制度中的骑士阶层的成员为目的。是一种特殊形式的家庭教育，并无专设的教育机构也没有专职教育人员。训练骑士的标准是彪悍勇猛，虔诚上帝，忠君爱国，宠媚贵妇分三个阶段：家庭教育模式，7岁前由母亲在家抚育内容为初步的宗教教育道德教育 侍童教育模式 7岁后封建主之家把儿子送入高一级贵族的家里从当侍童  学习各种礼节 侍从模式 十四五岁开始学习骑士七技，在21岁结束授予骑士称号骑士教育注重宗教道德教育 文化知识匮乏 但在当时培养了社会所需要的人才。
6348511031: 3.苏格拉底法也称问答法 产婆术  分为四个步骤1.讽刺，教师以无知面目出现通过诘问，让学生承认自己的无知2.助产，教师启发引导学生，使学生通过自己的思考得出结论或答案。3.归纳，从各种具体事物中找到事物一般共性与本质。4.定义，把个别事物归入一般概念得到普遍概念  优点： 不断诱导对方认识并承认自己的错误，得到正确结论，在平等的基础上讨论缺点： 不是万能教学方法，在一定条件下才能使用。
6348511031: Day1         2. 中体西用 中体西用是洋务派代表张之洞在劝学篇中提出的。分为内篇外篇 。通篇主旨为 中学为体 西学为用。中学也称旧学，四书五经，中国史事，政书，地图为旧学。西学也称新学，西政 西艺 西史为新学。洋务派提出的中体西用在不危机中体的前提下强调采纳西学，是洋务派的文化教育观也是洋务派应对守旧派的策略。西学规模不断扩大，同时为西学教育合理性进行有效论证 促进了资本主义在中国的传播，改变了单一的传统教育结构。中学西用 有其合理性，但也是粗糙的。必然要被新形势取代。
6348511031: ay1     教学策略 教学策略是指为完成教学的目的与任务，组织与调控教学活动而进行的谋划。教学策略具有目的性，个人的主观性能动性，选择性以及调控性。教学策略，有助于教师在教学之前对教学任务，内容以及完成的主客观条件做全面的思考，有利于发挥教师的主导作用 提高教学质量。 
6348511031: 我分享了文章 完形填空全靠蒙？这些命题规律和答题技巧，你还不赶快记住！ 
6348511031: 我免费围观了 @新东方王江涛 的回答，问题价值 300.00 元，快来一起免费围观~ 微博问答 
6348511031: 今天阅读前面三篇错5个 第四篇看不懂 2010年是不是很难 
6348511031: 网页链接 #墨墨今日话题# DAY 2: Everybody is weird 网页链接 
6348511031: 5月27 开始努力的第一天 雷打不动 处事不惊 一往直前 
6348511031: 我希望我每天都能快快乐乐的 🎈 
6348511031: 2018 万事胜意 @张新成 🍀 
6348511031: 新的一年从我妈妈滚烫的桂圆红枣茶开始 新春大吉♥️ 
6348511031: 生理期be like：虚弱，无力，痴睡。 ","神经质: low
外向性: low
开放性: low
宜人性: high
尽责性: high

分析：
从这些对话中可以看出，该人物非常注重学习和教育方面的内容，多次提到学习的重要性以及分享教育资料与知识。他的宜人性较高，很关心别人，并乐于分享自己的经历和所得。他的神经质和外向性都较低，对于个人情绪和外部世界的积极投入程度较为保守，类似于内向型的人格特点。此外，他并没有在对话中展现出很高的开放性，而是更加强调传统教育和知识的重要性。最后，他的尽责性很高，很注重目标导向行为和自我承诺，相信自己能够通过学习实现自我发展。因此，综合上述特点，可以将该人物的人格特点分别归纳为：神经质低、外向性低、开放性低、宜人性高、尽责性高。"
